,ì œëª©,ë§í¬,ì¡°íšŒìˆ˜,ì—…ë¡œë“œ
0,"ğŸ”¥í˜¼ì ë“£ê¸° ì•„ì‰¬ìš´ ë…¸ë˜, Stellar - Ashes (ê°€ì‚¬/í•´ì„/ë²ˆì—­/lyrics)",https://www.youtube.com/watch?v=EBMwWyAPtmI&pp=ygUG65WM7J6J,4140ë§ŒíšŒ,3ë…„ ì „
1,"ğŸŒŸ ëŠ¦ê²Œ ë“¤ì„ìˆ˜ë¡ ë‹¹ì‹ ë§Œ ì†í•´ : The Kid LAROI, Justin Bieber - Stay [ê°€ì‚¬/í•´ì„/lyrics]",https://www.youtube.com/watch?v=Ec7TN_11az8&pp=ygUG65WM7J6J,3373ë§ŒíšŒ,2ë…„ ì „
2,ì´ ë…¸ë˜ëŠ” ì§„ì§œ ì „ì„¤ì´ë‹¤...ğŸ”¥ğŸ¥¹ : Charlie Puth (ì°°ë¦¬ í‘¸ìŠ¤) - Dangerously [ê°€ì‚¬/í•´ì„/lyrics],https://www.youtube.com/watch?v=3ERtNZqh1XA&pp=ygUG65WM7J6J,3326ë§ŒíšŒ,1ë…„ ì „
3,ğŸ”¥ë¶ˆ ì§€ë¥´ê¸° ìŒ‰ê°€ëŠ¥í•œ ë…¸ë˜ğŸ”¥ AJR - Burn The House Down [ê°€ì‚¬/í•´ì„/lyrics],https://www.youtube.com/watch?v=oLVgwsevkco&pp=ygUG65WM7J6J,3172ë§ŒíšŒ,3ë…„ ì „
4,ğŸ”¥íƒ‘ê±´: ë§¤ë²„ë¦­OST| íƒ‘ê±´ í•´ë³€ê°€ ê·¸ ë…¸ë˜ : OneRepublic - I Ainâ€™t Worried [ê°€ì‚¬/í•´ì„/ë²ˆì—­/lyrics],https://www.youtube.com/watch?v=INak4ORss18&pp=ygUG65WM7J6J,2512ë§ŒíšŒ,1ë…„ ì „
5,ì²œêµ­ì—ì„œ í‹€ì–´ì¤„ ê²ƒ ê°™ì€ ë…¸ë˜ ğŸ‘¼ğŸ» Justin Bieber - Off My Face [ê°€ì‚¬/í•´ì„/lyrics],https://www.youtube.com/watch?v=rikm9eS6JAE&pp=ygUG65WM7J6J,2209ë§ŒíšŒ,2ë…„ ì „
6,ğŸ’œë‹¹ì‹ ì˜ ì·¨í–¥ì„ ì €ê²©í•  ë…¸ë˜ : GAYLE - abcdefu [ê°€ì‚¬/í•´ì„/ë²ˆì—­/lyrics],https://www.youtube.com/watch?v=xUhjyZ53cz0&pp=ygUG65WM7J6J,2010ë§ŒíšŒ,2ë…„ ì „
7,ì´ ì¥ë©´ì€ ì§„ì§œ ì „ì„¤ì´ë‹¤â€¦,https://www.youtube.com/shorts/rhrGnbCC0-0,333ë§ŒíšŒ,1ë…„ ì „
8,ğŸ”¥ë§ˆë¸”ë•í›„ë“¤ ì˜¤ì—´í•  ì˜ìƒ : Sia - Unstoppable [ê°€ì‚¬/í•´ì„/í•œêµ­ì–´/lyrics],https://www.youtube.com/watch?v=kIjUfXfJjGU&pp=ygUG65WM7J6J,218ë§ŒíšŒ,2ë…„ ì „
9,ğŸ”¥í•´ì™¸ì—ì„œ ë‚œë¦¬ë‚œ í™”ì œì˜ ê·¸ ì• ë‹ˆ OST : Kenshi Yonezu - KICK BACK [ê°€ì‚¬/í•´ì„/ë²ˆì—­/lyrics],https://www.youtube.com/watch?v=uEC3zTHvVhA&pp=ygUG65WM7J6J,443ë§ŒíšŒ,1ë…„ ì „
10,ğŸ»ì²œì¬ë¼ëŠ” ì†Œë¦¬ê°€ ì ˆë¡œ ë‚˜ì˜¤ëŠ” ëµê³¡ : AJR - Worldâ€™s Smallest Violin [ê°€ì‚¬/í•´ì„/lyrics],https://www.youtube.com/watch?v=_y-yZXJiMf8&pp=ygUG65WM7J6J,1343ë§ŒíšŒ,1ë…„ ì „
11,ê°€ìŠ´ì´ ì›…ì¥í•´ì§€ëŠ” ê°œëµê³¡ğŸŒ‘ğŸ”¥ Unlike Pluto - Everything Black [ê°€ì‚¬/í•´ì„/lyrics],https://www.youtube.com/watch?v=keeVus2Isk4&pp=ygUG65WM7J6J,384ë§ŒíšŒ,3ë…„ ì „
12,"ì„ ê³¡ ë§›ì§‘, ì• í”Œ ê´‘ê³  ìŒì•… : AJR - Bang! [ê°€ì‚¬ í•´ì„/lyrics]",https://www.youtube.com/watch?v=ITgIP2OW2kw&pp=ygUG65WM7J6J,157ë§ŒíšŒ,3ë…„ ì „
13,"ğŸš¨ë¹„íŠ¸ë¶€í„° ë¯¸ì³¤ë‹¤, X Ambassadors - HEY CHILD (ê°€ì‚¬/í•´ì„/ë²ˆì—­/lyrics)",https://www.youtube.com/watch?v=ZaTVVDLWjCY&pp=ygUG65WM7J6J,1940ë§ŒíšŒ,3ë…„ ì „
14,ğŸ”¥ ã…ˆã„´ê°•í•´ì§€ëŠ” ë…¸ë˜ : Kelly Clarkson - Stronger [ê°€ì‚¬/í•´ì„/í•œêµ­ì–´/lyrics],https://www.youtube.com/watch?v=KmnxtDu5TOE&pp=ygUG65WM7J6J,1929ë§ŒíšŒ,2ë…„ ì „
15,ê°€ì‚¬ ì¡´ë‚˜ ìŠ¬í”„ë„¤...ğŸ¥¹ : Bruno Mars - When I Was Your Man [ê°€ì‚¬/í•´ì„/lyrics],https://www.youtube.com/watch?v=b3KUDuVJfn8&pp=ygUG65WM7J6J,1922ë§ŒíšŒ,1ë…„ ì „
16,ğŸ”¥ëˆˆë¬¼ ë‚˜ê²Œ ì¢‹ì€ ë„ì…ë¶€ : BoyWithUke - Toxic [ê°€ì‚¬/í•´ì„/ë²ˆì—­/lyrics],https://www.youtube.com/watch?v=MNTarTRNA4o&pp=ygUG65WM7J6J,157ë§ŒíšŒ,2ë…„ ì „
17,"ğŸ’–ë§ê°€ì ¸ì•¼ í•œë‹¤ë©´ ì˜ˆì˜ê²Œ ë§ê°€ì§ˆë˜, Chelsea Collins - 07 Britney (ê°€ì‚¬/í•´ì„/ë²ˆì—­/lyrics)",https://www.youtube.com/watch?v=fTAD5lqMU18&pp=ygUG65WM7J6J,167ë§ŒíšŒ,3ë…„ ì „
18,í–‰ë³µí•´ì§€ëŠ” ì—˜ë¦¬ë©˜íƒˆ OSTğŸ”¥ğŸ’¦: Lauv - Steal The Show [ê°€ì‚¬/í•´ì„/lyrics],https://www.youtube.com/watch?v=AJsvGtGgI6M&pp=ygUG65WM7J6J,86ë§ŒíšŒ,9ê°œì›” ì „
19,ğŸ’°2025 ìƒˆí•´ ì²« ê³¡ ë‹¹ì²¨ğŸ’°LISA - MONEY [ê°€ì‚¬/í•´ì„/lyrics],https://www.youtube.com/watch?v=J7f0_ql6YJo&pp=ygUG65WM7J6J,291ë§ŒíšŒ,2ë…„ ì „
20,ğŸ‹ìœ íŠœë¸Œ ì œì´íŒ ì¡°íšŒìˆ˜ 1ìœ„ ì „ì„¤ì˜ ë…¸ë˜ : Kenshi Yonezu - Lemon [ê°€ì‚¬/í•´ì„/ë²ˆì—­/lyrics],https://www.youtube.com/watch?v=p0ku3_rK6dE&pp=ygUG65WM7J6J,172ë§ŒíšŒ,1ë…„ ì „
21,ğŸ”¥ë¡¤ ì•„ì¼€ì¸ OST | íŒ€ì„ ìŠ¹ë¦¬ë¡œ ì´ëŒ ë…¸ë˜ : Imagine Dragons & JID - Enemy [ê°€ì‚¬/í•´ì„/ë²ˆì—­/lyrics],https://www.youtube.com/watch?v=Eb9KHFx5p34&pp=ygUG65WM7J6J,356ë§ŒíšŒ,2ë…„ ì „
22,"ğŸ”¥ëª¨ë‘ê°€ ì•Œì•˜ìœ¼ë©´ í•˜ëŠ” ì¸ìƒ ëµê³¡, Jagwar Twin - Happy Face (ê°€ì‚¬/í•´ì„/ë²ˆì—­/lyrics)",https://www.youtube.com/watch?v=SJPxpnI5EGQ&pp=ygUG65WM7J6J,1883ë§ŒíšŒ,3ë…„ ì „
23,ê·¸ ìœ ëª…í•œ ë‹´ë°° ë¬´ëŒ€,https://www.youtube.com/shorts/RaL0KOrrk1I,1819ë§ŒíšŒ,1ë…„ ì „
24,"ğğ¥ğšğ²ğ¥ğ¢ğ¬ğ­ ì§ˆë¦¬ë„ë¡ ë“£ëŠ” íˆíŠ¸ê³¡ì—” ê·¸ ì´ìœ ê°€ ìˆë‹¤ğ…ğğšğ­. ğ‹ğšğ®ğ¯, ğ‹ğšğ§ğ², ğ‡ğ¨ğ§ğ§ğ, ğ¤ğğ¬ğ¡ğ¢, ğğğğğ« ğ„ğ¥ğ¢ğšğ¬, ğ“ğ«ğ¨ğ²ğ ğ’ğ¢ğ¯ğšğ§, ğ‚ğ¡ğšğ«ğ¥ğ¢ğ ğğ®ğ­ğ¡",https://www.youtube.com/watch?v=x6i3_LfeTjY&pp=ygUG65WM7J6J,1772ë§ŒíšŒ,9ê°œì›” ì „
25,ì–´ì©Œë©´ ì˜í™”ë³´ë‹¤ ë” ìœ ëª…í•œ ì „ì„¤ì˜ OST : RADWIMPS - Nandemonaiya(ì•„ë¬´ê²ƒë„ ì•„ë‹ˆì•¼) [ê°€ì‚¬/í•´ì„/ë²ˆì—­/lyrics],https://www.youtube.com/watch?v=ok5J5vi-_qo&pp=ygUG65WM7J6J,1745ë§ŒíšŒ,1ë…„ ì „
26,"ğŸ”ªë¹ŒëŸ°ì´ ëŒë¦¬ëŠ” ì´ìœ , Valerie Broussard - Killer (ê°€ì‚¬/í•´ì„/ë²ˆì—­/lyrics)",https://www.youtube.com/watch?v=HBuyabH6F-0&pp=ygUG65WM7J6J,1723ë§ŒíšŒ,3ë…„ ì „
27,"â­ï¸ìš°ë¦¬ì—ê²Œ ì˜ì›íˆ ê¸°ì–µë  â€œëª…ê³¡"" : Avicii - The Nights [ê°€ì‚¬/í•´ì„/lyrics]",https://www.youtube.com/watch?v=yG57Xggm92A&pp=ygUG65WM7J6J,1705ë§ŒíšŒ,1ë…„ ì „
28,"ğŸ’˜ì¸ì‹¸ë“¤ ì‚¬ì´ì—ì„œ ë‚œë¦¬ë‚œ ëµê³¡, dhruv - double take [ê°€ì‚¬/í•´ì„/ë²ˆì—­/lyrics]",https://www.youtube.com/watch?v=BkgSM8Bqo2U&pp=ygUG65WM7J6J,1702ë§ŒíšŒ,2ë…„ ì „
29,"ğŸ”¥ë‚œ ì‹¸ì´ì½”ê±°ë“ , Mia Rodriguez - Psycho (ê°€ì‚¬/í•´ì„/ë²ˆì—­/lyrics)",https://www.youtube.com/watch?v=huTVUjiQr2c&pp=ygUG65WM7J6J,1619ë§ŒíšŒ,3ë…„ ì „
30,ğŸš¨ì±Œë¦°ì§€ë¡œ ì—­ì£¼í–‰ì¤‘ì¸ ì„ ì¥ì˜ ë…¸ë˜ : Nathan Evans - Wellerman (Sea Shanty) [ê°€ì‚¬/í•´ì„/ë²ˆì—­/lyrics],https://www.youtube.com/watch?v=INHZQf_1FAA&pp=ygUG65WM7J6J,1608ë§ŒíšŒ,1ë…„ ì „
31,â¤ï¸â€ğŸ©¹ë„ˆë¬´ ì¢‹ì•„ì„œ ëˆˆë¬¼ë‚˜ëŠ” ë ˆì „ë“œê³¡ : Charlie Puth (ì°°ë¦¬í‘¸ìŠ¤) - Thatâ€™s Hilarious [ê°€ì‚¬/í•´ì„/lyrics],https://www.youtube.com/watch?v=MPP2Q9JBvbg&pp=ygUG65WM7J6J,1396ë§ŒíšŒ,1ë…„ ì „
32,ëˆˆë¬¼ë‚˜ëŠ” ëµê³¡ ëª¨ë¥´ëŠ” ì‚¬ëŒ ìˆë‚˜? Slander - Love Is Gone (acoustic)  [ê°€ì‚¬/í•´ì„/lyrics],https://www.youtube.com/watch?v=34Tmi7gVzcE&pp=ygUG65WM7J6J,1396ë§ŒíšŒ,3ë…„ ì „
33,ì´ë ‡ê²Œ ë§¤ìš´ ê°€ì‚¬ì˜€ì–´..?ğŸ¥° : ì •êµ­ (Jung Kook) â€˜Seven (Explicit ver.) (feat. Latto)â€™ [ê°€ì‚¬/í•´ì„],https://www.youtube.com/watch?v=25ftfuu3jso&pp=ygUG65WM7J6J,329ë§ŒíšŒ,8ê°œì›” ì „
34,â¤ï¸â€ğŸ”¥ë¶„ëª… ë‹¤ì‹œ ìƒê°ë‚  ë…¸ë˜ : Stela Cole - Love Like Mine [ê°€ì‚¬/í•´ì„/ë²ˆì—­/lyrics],https://www.youtube.com/watch?v=uXzTBBFIG54&pp=ygUG65WM7J6J,1073ë§ŒíšŒ,2ë…„ ì „
35,ë©‹ìˆì–´ì§€ê³  ì‹¶ì„ ë•Œ ë“£ëŠ” ë…¸ë˜ğŸ”¥ Will Jay - Off The Record [ê°€ì‚¬/í•´ì„/lyrics],https://www.youtube.com/watch?v=n6J4_VvAbI0&pp=ygUG65WM7J6J,356ë§ŒíšŒ,2ë…„ ì „
36,ğŸ”¥ê±´ì „í•œë° ê°„ì§€ë‚˜ëŠ” ê²Œ ë˜ë„¤;; : NF - The Search [ê°€ì‚¬/í•´ì„/lyrics],https://www.youtube.com/watch?v=ziKbsRAPC-k&pp=ygUG65WM7J6J,273ë§ŒíšŒ,1ë…„ ì „
37,"ğŸŒ ì•½ì— ì·¨í•´ ì“´ ê°€ì‚¬, ğ˜ğğ«ğ¢ğ§ ğğšğğ¤ - ğ‚ğ¡ğšğ¦ğ©ğšğ ğ§ğ ğ’ğ®ğ©ğğ«ğ§ğ¨ğ¯ğš (ğ‚ğ¨ğ¯ğğ«) [ê°€ì‚¬/í•´ì„]",https://www.youtube.com/watch?v=o4tw2V2_oY8&pp=ygUG65WM7J6J,746íšŒ,3ë…„ ì „
38,ëŒ€ì²´í•  ë…¸ë˜ê°€ ì—†ëŠ” ê°œëµê³¡ : Camila Cabello - Never Be the Same [ê°€ì‚¬/í•´ì„/lyrics],https://www.youtube.com/watch?v=A9xtxTYiklw&pp=ygUG65WM7J6J,375íšŒ,2ë…„ ì „
